{
  "type": "object",
  "properties": {
    "id": {
      "type": "string"
    },
    "name": {
      "type": "string"
    },
    "description": {
      "type": "string"
    },
    "types": {
      "type": "array",
      "items": [
        {
          "type": "string"
        }
      ]
    },
    "hasGPSTrack": {
      "type": "boolean"
    },
    "region": {
      "type": "string"
    }
  },
  "required": [
    "id",
    "name",
    "description",
    "types",
    "hasGPSTrack",
    "region"
  ],
  "additionalProperties" : false
}