<?xml version="1.0" encoding="UTF-8"?>
<Configuration>
    <Properties>
        <Property name="basePath">Main/logs</Property>
    </Properties>
    <Appenders>
        <!-- File Appender -->
        <File name="FILE" fileName="src/main/resources/App.log">
            <PatternLayout pattern="%d{HH:mm:ss.SSS} [%t] %-5level %logger{36} - %msg%n"/>
        </File>

        <!-- Console Appender -->
        <Console name="STDOUT" target="SYSTEM_OUT">
            <PatternLayout pattern="%-5p | %d{yyyy-MM-dd HH:mm:ss} | [%t] %C{2} (%F:%L) - %m%n" />
        </Console>
    </Appenders>

    <Loggers>
        <Logger name="com.jcg" level="all" />
        <Root level="all">
            <AppenderRef ref="STDOUT" />
            <AppenderRef ref="FILE" />
        </Root>
    </Loggers>

</Configuration>